-- --------------------------------------------------------
-- Host:                         127.0.0.1
-- Versione server:              10.4.24-MariaDB - mariadb.org binary distribution
-- S.O. server:                  Win64
-- HeidiSQL Versione:            12.0.0.6468
-- --------------------------------------------------------

/*!40101 SET @OLD_CHARACTER_SET_CLIENT=@@CHARACTER_SET_CLIENT */;
/*!40101 SET NAMES utf8 */;
/*!50503 SET NAMES utf8mb4 */;
/*!40103 SET @OLD_TIME_ZONE=@@TIME_ZONE */;
/*!40103 SET TIME_ZONE='+00:00' */;
/*!40014 SET @OLD_FOREIGN_KEY_CHECKS=@@FOREIGN_KEY_CHECKS, FOREIGN_KEY_CHECKS=0 */;
/*!40101 SET @OLD_SQL_MODE=@@SQL_MODE, SQL_MODE='NO_AUTO_VALUE_ON_ZERO' */;
/*!40111 SET @OLD_SQL_NOTES=@@SQL_NOTES, SQL_NOTES=0 */;


-- Dump della struttura del database libreria
CREATE DATABASE IF NOT EXISTS `libreria` /*!40100 DEFAULT CHARACTER SET utf8mb4 */;
USE `libreria`;

-- Dump della struttura di tabella libreria.anagraphic
CREATE TABLE IF NOT EXISTS `anagraphic` (
  `id` int(11) NOT NULL AUTO_INCREMENT,
  `name` varchar(255) DEFAULT NULL,
  `surname` varchar(255) DEFAULT NULL,
  `mail` varchar(255) DEFAULT NULL,
  `gender` varchar(10) DEFAULT NULL,
  `codice_fiscale` varchar(255) DEFAULT NULL,
  `street` varchar(255) DEFAULT NULL,
  `cn` varchar(10) DEFAULT NULL,
  `cap` varchar(10) DEFAULT NULL,
  `town` varchar(255) DEFAULT NULL,
  `city` varchar(255) DEFAULT NULL,
  `phone` varchar(50) DEFAULT NULL,
  PRIMARY KEY (`id`) USING BTREE
) ENGINE=InnoDB AUTO_INCREMENT=37 DEFAULT CHARSET=latin1;

-- Dump dei dati della tabella libreria.anagraphic: ~4 rows (circa)
INSERT INTO `anagraphic` (`id`, `name`, `surname`, `mail`, `gender`, `codice_fiscale`, `street`, `cn`, `cap`, `town`, `city`, `phone`) VALUES
	(5, 'Nicola', 'ese', 'nicola@esempio.it', NULL, 'sssss', 'Nicola', '13', '80100', 'Napoli', 'ssss', '3471567845'),
	(6, 'Cristina', 'Campo', 'cristina.campo@esempio.it', 'F', NULL, 'via dei ciliegi', '12', '70100', 'Bari', NULL, '2356897845'),
	(7, 'Giuseppe', 'Alfiero', 'giuseppe.alfiero@esempio.it', 'M', NULL, 'via dei monti', '22', '80100', 'Napoli', NULL, '1254874815'),
	(30, NULL, NULL, 'pane@live.it', NULL, NULL, NULL, NULL, NULL, NULL, NULL, NULL);

-- Dump della struttura di tabella libreria.books
CREATE TABLE IF NOT EXISTS `books` (
  `id` int(11) NOT NULL AUTO_INCREMENT,
  `title` varchar(50) NOT NULL,
  `author` varchar(50) NOT NULL,
  `public_year` int(11) NOT NULL,
  `description` text NOT NULL,
  `price_flexiblecover` double NOT NULL,
  `price_hardcover` double NOT NULL,
  `e_book` double NOT NULL,
  `code_ebook` varchar(50) NOT NULL,
  `quantity` int(11) NOT NULL,
  `isbn` varchar(50) NOT NULL,
  `short_desch` varchar(100) NOT NULL,
  `category_id` int(11) NOT NULL,
  PRIMARY KEY (`id`) USING BTREE,
  KEY `FK_books_categories` (`category_id`) USING BTREE,
  CONSTRAINT `FK_books_categories` FOREIGN KEY (`category_id`) REFERENCES `categories` (`id`) ON DELETE CASCADE ON UPDATE CASCADE
) ENGINE=InnoDB AUTO_INCREMENT=94 DEFAULT CHARSET=latin1;

-- Dump dei dati della tabella libreria.books: ~50 rows (circa)
INSERT INTO `books` (`id`, `title`, `author`, `public_year`, `description`, `price_flexiblecover`, `price_hardcover`, `e_book`, `code_ebook`, `quantity`, `isbn`, `short_desch`, `category_id`) VALUES
	(1, 'La mappa dei desideri', 'Carrie Ryan , John Parke Davis', 2003, 'Chi possiede la Mappa dei Desideri può arrivare ovunque voglia. Per il momento però nessuno può servirsi dei suoi poteri, perché è stata divisa in brandelli: il primo, la Rosa dei Venti, appare all\'improvviso nel parcheggio di un supermercato insieme a un\'onda d\'acqua solcata da un vascello di corsari, sotto lo sguardo incredulo della dodicenne Marrill. Intenta a inseguire il suo gatto, Marrill si trova catapultata nella Corrente Pirata, un mondo popolato da foreste parlanti, farfalle di spuma di mare e crostacei con le piume. Soltanto la mappa può ricondurla nel suo mondo. E Marrill non è l\'unica a cercarla: Fin, cresciuto nella Corrente Pirata, a dodici anni è già il Maestro dei Ladri grazie a un raro potere: chiunque lo incontri ben presto si dimentica di lui. Guidato da una misteriosa profezia, Fin vuole la mappa per ritrovare la madre scomparsa. Quando i destini di Marrill e Fin incrociano la rotta di una ciurma di temibili pirati, la ricerca della mappa si trasforma in una questione di vita o di morte. Età di lettura: da 11 anni.', 15, 30.5, 10.25, 'EJ24S6481', 10, '8804655585', 'Intenta a inseguire il suo gatto, Marrill si trova catapultata nella Corrente Pirata, un mondo popol', 1),
	(2, 'Lavorare con intelligenza emotiva', 'Daniel Goleman, ', 1998, 'Saper gestire le proprie emozioni nelle varie situazioni a cui la vita ci mette di fronte, può essere una qualità determinante per raggiungere risultati importanti sia nel lavoro, che nella sfera personale.', 22.5, 50.5, 12.5, 'EJ30534D', 15, '8817118788', 'L\'ambiente di lavoro è l\'ambito in cui si manifesta con maggiore evidenza l\'importanza di un\'intelli', 5),
	(3, 'Harry Potter e la Pietra filosofale', 'J.K.Rowling', 1997, 'La storia di Harry Potter comincia qui. Ecco la prima descrizione del suo aspetto:\r\n«Harry aveva un viso sottile, ginocchia nodose, capelli neri e occhi verde chiaro. Portava un paio di occhiali rotondi, tenuti insieme con un sacco di nastro adesivo per tutte le volte che Dudley lo aveva preso a pugni sul naso. L\'unica cosa che a Harry piaceva del proprio aspetto era una cicatrice molto sottile sulla fronte, che aveva la forma di una saetta.»\r\nCosì ce lo presenta J.K Rowling, nel libro pubblicato da Salani nel maggio 1998, Harry Potter e la pietra filosofale. Si tratta del primo di una serie di sette volumi, incentrati sulle avventure di un personaggio che ha superato in popolarità qualunque altro, anche grazie agli otto film che l’hanno visto protagonista.\r\nHarry è un giovanissimo mago, dotato di poteri incredibili, di cui ancora non conosce le potenzialità né le implicazioni. La sua vicenda si articola tra elementi che tutti conosciamo – la scuola, l’amicizia, le sfide quotidiane, lo sport, un animale d’affezione – ma calati in un universo disegnato con immaginifica fantasia dalla Rowling. Qui, tutto, è al contempo straordinario e riconoscibile. E la storia di Harry, che da undicenne inadeguato al mondo dei “babbani”, e pertanto infelice, arriva a confrontarsi con i temi più importanti di ogni esistenza, altro non è che un percorso di formazione. La sua “linea d’ombra” si trova al binario 9 e ¾ e noi siamo tutti lì, pronti ad attraversare quella barriera magica con lui.', 15.8, 30.5, 13.5, 'EX234567', 20, '8867158120', 'Harry aveva un viso sottile, ginocchia nodose, capelli neri e occhi verde chiaro. Portava un paio di', 3),
	(4, 'Harry Potter e la Camera dei segreti', 'J.K.Rowling', 1998, '«C\'è un complotto, Harry Potter. Un complotto per far succedere le cose più terribili, quest\'anno, alla scuola di magia e stregoneria di Hogwarts.»', 15, 30.5, 9.5, 'EXT42142', 20, '8831003391', 'C\'è un complotto, Harry Potter. Un complotto per far succedere le cose più terribili, quest\'anno, al', 3),
	(5, 'Harry Potter e il prigioniero di Azkaban', 'J.K.Rowling', 1999, '«Benvenuti sul Nottetempo, mezzo di trasporto di emergenza per maghi e streghe in difficoltà. Allungate la bacchetta, salile a bordo e vi portiamo dove volete». Una terribile minaccia incombe sulla scuola di magia e stregoneria di Hogwarts. Sirius Black, il famigerato assassino, è evaso dalla prigione di Azkaban. È a caccia e la sua preda è proprio a Hogwarts, dove Harry e i suoi amici stanno per cominciare il loro terzo anno. Nonostante la sorveglianza dei Dissennatori la scuola non è più un luogo sicuro, perché al suo interno si nasconde un traditore... ', 10.5, 13.5, 9, 'EXT42143', 34, '8831003407', '«Benvenuti sul Nottetempo, mezzo di trasporto di emergenza per maghi e streghe in difficoltà. Allung', 3),
	(6, 'Harry Potter e il calice di fuoco', 'J.K.Rowling', 1998, '«Le sfide saranno tre, distribuite nell\'arco dell\'anno scolastico, e metteranno alla prova i campioni in molti modi diversi ... La loro perizia magica, la loro audacia, i loro poteri deduttivi e, naturalmente, la loro capacità di affrontare il pericolo». Questo che avete tra le mani è il volume centrale delle avventure di Harry Potter. Ormai Harry è un mago adolescente, vuole andarsene dalla casa dei Dursley, vuole sognare la Cercatrice di Corvonero per cui ha una cotta tremenda... E poi vuole scoprire di più sulla grande competizione che si terrà a Hogwarts e non si svolge da cento anni. Harry vuole davvero essere un normale mago di quattordici anni. Ma sfortunatamente non è normale, nemmeno come mago. E stavolta la differenza può essere fatale.', 15, 21.99, 8.99, 'EXT42144', 41, '8831003414', '«Le sfide saranno tre, distribuite nell\'arco dell\'anno scolastico, e metteranno alla prova i campion', 3),
	(7, 'Harry Potter e l\'ordine della fenice', 'J.K.Rowling', 1998, '«Tu condividi i suoi pensieri e le sue emozioni. Il preside ritiene che questo non debba continuare. Desidera che io ti insegni a chiudere la mente al Signore Oscuro». Il quinto anno a Hogwarts si annuncia carico di sfide difficili per Harry Potter: Lord Voldemort è tornato. Che cosa succederà ora che il Signore Oscuro è di nuovo in pieno possesso dei suoi terrificanti poteri? Il Ministro della Magia sembra non prendere sul serio questa spaventosa minaccia. Toccherà a Harry organizzare la resistenza, con l\'aiuto degli amici di sempre e il tumultuoso coraggio dell\'adolescenza. ', 22.54, 30.5, 9.99, 'EXT42145', 12, '8831003421', '«Tu condividi i suoi pensieri e le sue emozioni. Il preside ritiene che questo non debba continuare.', 3),
	(8, 'Harry Potter e il principe mezzosangue', 'J.K.Rowling', 1998, '«Sospeso nel buio sopra la scuola c\'era il vivido teschio verde con la lingua di serpe, il marchio lasciato dai Mangiamorte tutte le volte che entravano in un edificio... Tutte le volte che uccidevano...». È il sesto anno a Hogwarts e per Harry niente è più come prima. L\'ultimo legame con la sua famiglia è troncato, perfino la scuola non è la dimora accogliente di un tempo. Voldemort ha radunato le sue forze e nessuno può più negare il suo ritorno. Harry capisce che è arrivato il momento di affrontare il suo destino. L\'ultimo atto si avvicina, sarà all\'altezza di questa sfida fatale?', 21, 30.5, 11, 'EXT42146', 17, '8831003437', '«Sospeso nel buio sopra la scuola c\'era il vivido teschio verde con la lingua di serpe, il marchio l', 3),
	(9, 'Harry Potter e i doni della morte', 'J.K.Rowling', 1998, '«Consegnatemi Harry Potter» proseguì la voce di Voldemort, «e a nessuno verrà fatto del male. Consegnatemi Harry Potter e lascerò la scuola intatta. Consegnatemi Harry Potter e verrete ricompensati». Il confronto finale con Voldemort è imminente, una grande battaglia è alle porte e Harry, con coraggio, compirà ciò che dev\'essere fatto. Mai i perché sono stati così tanti e mai come in questo libro si ha la soddisfazione delle risposte. Giunti all\'ultima pagina si vorrà rileggere tutto daccapo, per chiudere il cerchio, per riscoprire tutti i segreti e i significati profondi, ma soprattutto per ritardare il più possibile il distacco dai meravigliosi personaggi che ci hanno accompagnato per così tanto tempo e che non hanno ancora smesso di incantarci.', 16.99, 19.99, 18, 'EXT42147', 22, '8831003445', '«Consegnatemi Harry Potter» proseguì la voce di Voldemort, «e a nessuno verrà fatto del male. Conseg', 3),
	(30, 'It', 'Stephen King', 1986, ' In un ridente e sonnolenta cittadina americana, un gruppo di ragazzini, esplorando per gioco le fogne, risveglia da un sonno primordiale una creatura informe e mostruosa: IT. E quando, molti anni dopo, It ricompare a chiedere il suo tributo di sangue, gli stessi ragazzini, ormai adulti, abbandonano la famiglia e lavoro per tornare a combatterla.', 37, 60, 13, 'EXH12345', 24, '8868360268', 'In un ridente e sonnolenta cittadina americana, un gruppo di ragazzini, esplorando per gioco le fogn', 4),
	(31, 'Shining', 'Stephen King', 1977, 'L\'Overlook, uno strano e imponente albergo che domina le alte montagne del Colorado, è stato teatro di numerosi delitti e suicidi e sembra aver assorbito forze maligne che vanno al di là di ogni comprensione umana e si manifestano soprattutto d\'inverno quando l\'albergo chiude e resta isolato per la neve. Uno scrittore fallito, Jack Torrance, con la moglie Wendy e il figlio Danny di cinque anni, accetta di fare il guardiano invernale all\'Overlook ed è allora che le forze del male si scatenano. Dinanzi a Danny, che è dotato di potere extrasensoriale, lo shine, si materializzano gli orribili fatti accaduti nelle stanze dell\'albergo, ma se il bambino si oppone con forza a insidie e presenze, il padre ne rimane vittima.', 10.2, 23.27, 6.99, 'EXH67890', 36, '8845246558', 'L\'Overlook, uno strano e imponente albergo che domina le alte montagne del Colorado, è stato teatro ', 4),
	(32, 'Racconti del terrore', 'Edgar Allan Poe ', 1848, 'Quella che avete davanti è una raccolta di racconti di paura che vi prenderà alla gola e vi segnerà per sempre. Leggerete di case lugubri, color del piombo, circondate da paludi silenziose ed esalazioni pestilenziali, di navi fantasma che solcano i mari da secoli ormai e si gettano negli abissali vortici dell\'oceano, giù fino al centro esatto della Terra. Leggerete di persone murate vive quasi per capriccio, di altre seppellite ancora vive per sbaglio, e di amori che vincono la morte... ', 8, 12.35, 2.99, 'EXH24680', 22, '8804671939', 'In questa raccolta compaiono le storie più celebri come “La rovina di casa Usher”, “Il cuore rivelat', 4),
	(33, 'Frankenstein', 'Mary Shelley ', 1818, 'Lo scienziato Victor Frankenstein ed il fidato assistente Igor condividono la nobile visione di aiutare l\'umanità attraverso la loro innovativa ricerca sull\'immortalità. Ma gli esperimenti di Victor si spingono troppo oltre e la sua ossessione ha terribili conseguenze.', 9, 15.5, 3.99, 'EXH13579', 14, '8806228641', 'Lo scienziato Victor Frankenstein ed il fidato assistente Igor condividono la nobile visione di aiut', 4),
	(34, 'L\'esorcista', 'William Peter Blatty', 1971, 'Che cosa succede alla piccola Regan, trasformatasi in un mostro blasfemo che urla oscenità e frasi sconnesse? Sua madre, la famosa diva del cinema Chris MacNeil, non riesce a capirlo. Né ci riescono i medici e gli psichiatri né la polizia. Forse solo un esorcista può dare una risposta. Ma la Chiesa impone cautela, esige prove, chiede tempo. Intanto la casa risuona di colpi, i mobili si spostano da soli, un uomo muore con il collo spezzato, il fragile corpo di Regan sembra cedere alla tempesta che lo sconquassa. E lo scontro tra l\'uomo di Dio e gli spiriti del Male sembra ormai inevitabile.', 7.8, 10.8, 6.99, 'EXH45678', 37, '8893250179', 'Che cosa succede alla piccola Regan, trasformatasi in un mostro blasfemo che urla oscenità e frasi s', 4),
	(35, 'Le montagne della follia', 'H.P. Lovecraft', 1936, 'Nelle "Montagne", in un simile sacro bosco, sovrumano, dove catene montuose di ardesia precambriana si alzano fino all\'orlo inimmaginabile del pianeta, l\'uomo diventa cacciagione, preda, o addirittura campione scientifico da sezionare e notomizzare, crudamente, come un esemplare di animale raro appena scoperto.', 11.25, 14.25, 5.99, 'EXH87654', 11, '8842824348', '"Le montagne della follia" di Howard Phillips Lovecraft racconta il catastrofico esito di una spediz', 4),
	(36, 'Il richiamo di Cthulhu', 'H.P. Lovecraft', 1928, 'Riordinando le vecchie carte di un defunto prozio, Francis Wayland Thurston s\'imbatte in un bassorilievo mostruoso nato dagli incubi e dalle visioni di un ignoto artista e in alcuni documenti in cui si narra di un culto infernale osservato nelle paludi della Louisiana. Seguendo queste tracce e quelle del marinaio norvegese Gustaf Johansen, naufrago in un\'isola fantasma comparsa dal nulla, Thurston viene così a conoscenza di Cthulhu, una creatura gigantesca, tentacolare e informe che abita da tempi immemorabili il fondo degli abissi marini e la cui scoperta rischierà di rivelarsi fatale.', 4.66, 7, 1.99, 'EXH69420', 4, ' 8811000645', 'Riordinando le vecchie carte di un defunto prozio, Francis Wayland Thurston s\'imbatte in un bassoril', 4),
	(37, 'Ghost Story', 'Peter Straub', 2013, 'La storia del fantasma di un giovane uomo, scomparso prematuramente in un incidente stradale, che fa ritorno nella casa in cui ha vissuto, osservando la sofferenza della propria amata.', 9.87, 23.63, 5.49, 'EXH76894', 13, '0575084642', 'La storia del fantasma di un giovane uomo, scomparso prematuramente in un incidente stradale, che fa', 4),
	(38, 'Dracula', 'Bram Stoker', 1897, ' In Transilvania per concludere la vendita di una casa londinese al Conte Dracula, discendente di un\'antichissima casata locale, il giovane agente immobiliare Jonathan Harker scopre che il suo cliente è una creatura di mistero e orrore... Dracula, archetipo delle infinite storie di vampiri narrate dalla letteratura e dal cinema, mette in scena l\'eterna lotta tra il Bene e il Male, ma anche tra la ragione e l\'istinto, tra le pulsioni più inconfessabili e il perbenismo non solo vittoriano. Una storia scaturita dall\'inconscio ed entrata in tutti i nostri incubi.', 8.44, 11, 0.99, 'H5318008', 11, '8804671610', ' In Transilvania per concludere la vendita di una casa londinese al Conte Dracula, discendente di un', 4),
	(39, 'American Psycho', 'Bret Easton Ellis', 1991, 'Patrick Bateman è giovane, bello, ricco. Vive a Manhattan, lavora a Wall Street e con i colleghi Timothy, David, Patten e Craig, frequenta i locali più alla moda, le palestre più esclusive e le toilette dove gira la migliore cocaina della città, discutendo di nuovi ristoranti, cameriere corpoduro ed eleganza maschile. Ma la sua vita è ricca di particolari piuttosto inquietanti e quando le tenebre scendono su New York, Patrick Bateman si trasforma in un torturatore omicida, freddo, metodico, spietato.', 5.4, 8.4, 3.99, 'EXH01010', 24, '8806219251', 'La dualità di Patrick Bateman come uomo d\'affari e maniaco omicida narrata da Bret Easton Ellis', 4),
	(40, 'I pilastri della Terra', 'Ken Follett', 1989, 'Un mystery, una storia d\'amore, una grande \r\nrievocazione storica: nella sua opera più ambiziosa e acclamata,\r\n Ken Follett tocca una dimensione epica, trasportandoci nell\'Inghilterra\r\n medievale al tempo della costruzione di una cattedrale gotica. \r\nIntreccio, azione e passioni si sviluppano così sullo sfondo di un\'era \r\nricca di intrighi e cospirazioni, pericoli e minacce, guerre civili, \r\ncarestie, conflitti religiosi e lotte per la successione al trono. \r\nCon la stessa suspense che caratterizza tutti i suoi thriller, \r\nFollett ricrea un\'epoca scomparsa e affascinante. Foreste, castelli e \r\nmonasteri sono l\'avvolgente paesaggio, mosso dai ritmi della vita \r\nquotidiana e dalla pressione di eventi storici e naturali entro il \r\nquale per circa quarant\'anni si confrontano e si scontrano le segrete \r\naspirazioni e i sentimenti dei protagonisti - monaci, mercanti, artigiani, \r\nnobili, fanciulle misteriose -, vittime o pedine di avvenimenti che \r\nne segnano i destini e rimettono continuamente in discussione la \r\ncostruzione della cattedrale.', 14.8, 24.9, 9.99, 'EX293599', 14, '8804666927', 'Racconta la costruzione di una cattedrale \r\na Kingsbridge, in Inghilterra.', 2),
	(41, 'Il segreto della curatrice', 'Laura Usai', 2019, 'Gwen ha un dono: guarire con il tocco delle mani sta per lasciare questo mondo. Un dono prezioso e potente, ma che \r\nporta con sé conseguenze inimmaginabili.\r\nAbituata a viaggiare da sola cambiando identità in continuazione, \r\nGwen si trova d’un tratto costretta ad accettare la proposta di \r\nlavoro del dottor Peter Collins.\r\nUna scelta che minaccia di riportare a galla il suo passato e, con esso, \r\nanche il suo segreto… \r\nBREVE DESCRIZIONE: Gwen ha un dono: guarire con il tocco delle mani \r\nchi sta per lasciare questo mondo. \r\nUn dono prezioso e potente, ma che porta con sé conseguenze inimmaginabili.', 9.99, 18.5, 3.99, 'EX672133', 11, '1677867884', 'Gwen ha un dono: guarire con il tocco delle mani ', 2),
	(43, 'Il nome della rosa', 'Umberto Eco', 1980, 'Sul finire del 1327, il frate francescano Guglielmo da Baskerville e il suo allievo Adso da Melk si recano in un monastero \r\nbenedettino sede di un convegno che vedrà la presenza dei francescani \r\nsostenitori delle tesi pauperistiche (alleati dell’imperatore Ludovico) \r\ne dei delegati della curia papale, insediata ad Avignone, \r\npoiché Guglielmo (inquisitore pentito) ha ricevuto dall’imperatore \r\nl’incarico di seguire l’evento a suo favore. \r\nLa morte sospetta del giovane confratello Adelmo, \r\navvenuta durante una bufera di neve, rischia di far saltare \r\nl’appuntamento. Di seguito altre tragiche e inspiegabili morti si \r\nsusseguono: quella di Venanzio, giovane monaco traduttore dal greco e \r\nquella di Berengario, aiutante bibliotecario; anche altri monaci \r\nperdono la vita mentre i delegati del papa disputano con i francescani \r\ndelegati dall’imperatore sul tema della povertà della Chiesa cattolica. \r\nIl filo rosso che lega le morti misteriose è un manoscritto greco \r\ncustodito nella biblioteca, fiore all’occhiello del monastero.', 17.1, 23.7, 9.99, 'EX896723', 8, '8834603000', 'Un\'abbazia medievale isolata. ', 2),
	(44, 'La cacciatrice di storie perdute', 'Sejal Badani', 2019, 'Jaya ha il cuore spezzato. Ha tentato a lungo di avere un bambino, ma dopo la terza gravidanza interrotta le speranze vacillano. Anche il suo matrimonio \r\ncomincia a sfaldarsi e così, nel disperato tentativo di ritrovare se stessa, \r\ndecide di allontanarsi da New York per riscoprire le sue origini indiane. \r\nNon appena arriva in India, Jaya viene immediatamente sopraffatta dai colori, \r\ndai profumi e dai suoni di quel Paese. Ogni cosa ha un fascino esotico, per lei, e ben presto \r\nil desiderio di riavvicinarsi alla cultura della sua famiglia prende il sopravvento. \r\nMa ci sono eventi del passato, a lungo taciuti, che hanno il potere di influire \r\nsulle generazioni a venire. E così Jaya viene a conoscenza della storia di sua \r\nnonna e di un amore segreto che è destinato a cambiare per sempre la sua vita. \r\nSolo dopo aver conosciuto il coraggio e l\'indomabile spirito combattivo che \r\nha caratterizzato le donne della sua famiglia, infatti, Jaya scoprirà di \r\navere dentro di sé una forza che non avrebbe mai immaginato di possedere.', 4.3, 9.4, 4.3, 'EK456789', 5, '8822732642', 'Jaya sta per scoprire, dopo molte sofferenze, si essere più forte di', 2),
	(45, 'Il sangue dei fratelli', 'Emma Pomilio', 2011, 'Fausto e Marco si somigliano come due gocce d\'acqua e vivono nella stessa casa, ma non sono fratelli. Fausto è uno schiavo, nato da una schiava e, \r\nsi sussurra, dal padrone, Marco invece è figlio di quest\'ultimo e della moglie legittima, \r\ned è l\'erede dei nobili Drusi. La loro condizione, tuttavia, non rispecchia il colore della \r\nloro anima: tanto Fausto è coraggioso e fedele, quanto Marco è vile e dedito ai vizi. \r\nIl destino dei due giovani sembra già segnato, ma la guerra fra Mario e Silla irrompe \r\nscompaginando le carte. Il padrone viene ucciso durante gli scontri e, dopo una serie di \r\navventure per terra e per mare, anche Marco muore. Fausto per sopravvivere prende il suo posto, \r\nma fingere non è facile: il timore di essere scoperto non lo abbandona, inoltre dal passato di \r\nMarco compaiono all\'improvviso gravi accuse da cui difendersi e Fausto, innocente, si trova ad \r\naffrontare un processo per stupro e omicidio.', 6.99, 9.5, 3.2, 'EX2278132', 2, '8804608707', 'Fausto e Marco si somigliano come due gocce d\'acqua e vivono nella ', 2),
	(46, 'In nome dei Medici. Il romanzo di Lorenzo il Magni', 'Barbara Frale', 2018, 'Roma, febbraio 1466. Arrivato nell’Urbe per risolvere questioni di affari, il giovane Lorenzo de’ Medici si trova subito circondato da insidie senza volto. \r\nQualcuno, infatti, ha infilato sotto la sua sella un antico pugnale dall’elsa d’argento, \r\ncon uno stemma dal disegno indecifrabile. Intimorito dalla silenziosa minaccia, \r\nLorenzo comincia così una tortuosa indagine in una città piena di segrete ombre, \r\ndi antiche glorie imperiali e sinistri fantasmi fin troppo ansiosi di risorgere fra i vivi. \r\nChi è che trama alle sue spalle? Gli stessi che ostacolano l’estrazione di allume da parte \r\ndella sua famiglia sui Monti della Tolfa? Nel tentativo di scoprirlo, il suo destino incrocerà \r\nquello di uomini potentissimi, come l’enigmatico cardinale Rodrigo Borgia, e di aristocratici \r\nambiziosi che si muovono nella Curia romana, a caccia di ricchezza e prestigio. \r\nMa l’incontro che cambierà la sua vita sarà quello con Clarice Orsini, aristocratica \r\ncreatura dalla quale emana un segreto fascino: ne sarà stregato. Preso nelle spire di questo amore, \r\nLorenzo non si accorge che nuovi nemici si stanno per levare contro di lui, alleandosi ai vecchi \r\nper un comune intento: l’erede dei Medici deve morire.', 11.4, 17.8, 4.99, 'EX342567', 6, '8822721174', 'Roma, febbraio 1466. Arrivato nell’Urbe per risolvere questioni di affari, ', 2),
	(47, 'Imprimatur', 'Monaldi & Sorti', 2015, 'Roma, settembre 1683. In una locanda nel cuore della Città Santa la morte improvvisa di un viaggiatore semina il panico: veleno o peste? \r\nPer paura del contagio, gli ospiti vengono rinchiusi in quarantena nelle proprie stanze. \r\nTra loro c\'è l\'abate Atto Melani, ex cantante castrato e ora agente segreto del Re Sole, \r\ndeciso a scoprire cosa si celi dietro quella strana morte. Atto dovrà scontrarsi \r\ncon le reticenze e le paure degli altri ospiti, con lo spettro della peste \r\nche aleggia sulla locanda e gli echi minacciosi della battaglia decisiva c\r\nhe le armate dei principi cattolici stanno combattendo a Vienna contro i Turchi. \r\nNonostante le difficoltà, l\'inchiesta dell\'abate Melani condurrà alla soluzione del mistero, \r\nma soprattutto alla tremenda verità che segretamente condiziona il destino d Europa: \r\nuna congiura internazionale in cui s\'intrecciano religione, politica e altari. \r\nIl diario dell\'inchiesta, tenuto minuziosamente dal garzone della locanda, finirà \r\nsepolto in un manoscritto, che riemergerà improvvisamente centinaia di anni più tardi. \r\nA ripercorrere con il fiato sospeso il drammatico racconto del garzone è ora un anziano \r\nprelato che deve assolvere un delicatissimo incarico: far canonizzare un Papa vissuto \r\ntre secoli prima.\r\nE, al momento decisivo, sarà proprio il diario a dettare l\'ultima parola.', 14.25, 19.5, 7.99, 'EX439977', 7, '8868528324', 'Roma, settembre 1683. In una locanda nel cuore della Città Santa ', 2),
	(48, 'Dissimulatio', 'Monaldi & Sorti', 2017, 'Parigi, gennaio 1647 In una stazione di posta alle porte della città, si scalda davanti al fuoco un gruppo di viaggiatori appena giunti dall’Italia: \r\nun libraio, una canterina veneziana, il giovane castrato Atto Melani accompagnato \r\ndal suo segretario e dal maestro, il celebre Malagigi, e infine Gabriel Naudé, \r\nbibliotecario del cardinal Mazzarino, primo ministro di Francia. Sua Eminenza ha \r\nconvocato in tutta fretta a Parigi schiere di musici per rappresentare una nuova opera in musica, \r\nl’Orfeo, ma già si sussurra che l’opera non si farà. A Corte nulla è più importante degli spettacoli. \r\nE allora cosa c’è sotto? Iniziano finalmente le prove nel Teatro Reale, ma un attentato semina il \r\npanico tra musici e cantanti: qualcuno ha sabotato una macchina di scena, che precipita sul palco \r\ne solo per un soffio non travolge Malagigi, protagonista del melodramma. Chi voleva ucciderlo? \r\nE perché? Il primo sospettato è Atto Melani, suo rivale sul palcoscenico, che rifiuta \r\nostinatamente di fornire un alibi. Ma il segretario di Atto e la giovane canterina veneziana \r\nBarbara Strozzi non si fermano alle apparenze e decidono di vederci chiaro. \r\nTroppe stranezze accompagnano le prove dell’Orfeo; i costi smisurati, il bizzarro \r\ncomportamento di Mazzarino, che con quell’opera tutta italiana non teme di irritare i francesi, \r\ne infine l’ombra dei veri potenti: i grandi banchieri. La pagina strappata da un libro misterioso, \r\nun rapimento e un’incursione nella labirintica biblioteca privata del Cardinale riveleranno un \r\nintreccio inatteso tra arte, superstizione e potere. E come sempre nei romanzi di Monaldi & Sorti, \r\nogni frammento del rompicapo tornerà perfettamente al suo posto. Ma la verità si rivelerà appieno \r\nsolo a chi possiede la chiave giusta, la suprema tra le virtù politiche: la dissimulazione.', 14.8, 17.1, 9.99, 'EX336519', 9, '8893880015', 'La verità si rivelerà appieno ', 2),
	(49, 'Veritas', 'Monaldi & Sorti', 2016, 'Da dieci anni una guerra rovinosa insanguina l’Europa. Solo la capitale asburgica conserva miracolosamente la sua opulenza: mentre carestia e devastazione \r\ncancellano un’intera epoca, a Vienna si mangia, si beve e si balla. Il garzone \r\nprotagonista di Imprimatur e Secretum, che in Italia si era ormai ridotto alla vita \r\ndi stenti dello spazzacamino, trova salvezza proprio nella città imperiale: Atto Melani, \r\nagente segreto del Re Sole, gli ha saldato un antico debito. I due vecchi amici si ritrovano, \r\nma troppe cose sono cambiate. Melani, preda d’inconfessabili rimorsi, è giunto a Vienna \r\ncon una missione disperata: svelare al giovane imperatore asburgico un insospettabile \r\ntradimento, e fermare così la guerra. Di colpo la città è scossa da un brivido d’apprensione: \r\nè arrivato l’Agà turco. Tra Imperatore e Sultano c’è pace, perché allora questa visita improvvisa? \r\nRicevuto in udienza, l’Agà accenna sinistramente al Pomo Aureo: così i giannizzeri a Costantinopoli \r\nchiamano Vienna quando fanno voto di schiacciarla sotto il giogo di Allah, e con essa l’Europa tutta. \r\nI torbidi eventi dei giorni successivi riveleranno rancori secolari e segrete connivenze: \r\nnessuno verrà risparmiato dall’ombra dell’infamia e del tradimento. Nell’incanto di paesaggi \r\ntersi e innevati, tra dervisci ottomani, cricche di goliardici studenti e incursioni nel malaffare \r\nnotturno, aleggia l’inquietante interrogativo di Veritas: chi sta con chi?', 15.6, 19.9, 6.9, 'EX345522', 6, '8868528669', 'Nell’incanto di paesaggi ', 2),
	(50, 'Mysterium', 'Monaldi & Sorti', 2016, 'Mar di Toscana, dicembre 1646. Una galea militare francese salpa da Livorno e sferza le onde verso il porto di Tolone. \r\nA bordo, i più celebri cantanti italiani, convocati a Parigi dal cardinal Mazzarino. \r\nTra loro c’è il ventenne Atto Melani, scortato dal fedele segretario, che cerca di \r\ndissuaderlo dall’unica passione vietata ai castrati: amare le donne. Sulla nave \r\nviaggia anche uno strano gruppetto di eruditi, uniti da un miraggio comune. \r\nUn misterioso monaco li ha messi sulle tracce di un tesoro: i manoscritti di capolavori \r\nperduti dell’antica Roma, che tutti cercano da secoli. Ben presto la sorte costringe i \r\npasseggeri a rifugiarsi su un’isola in compagnia di pericolosi corsari: \r\nitaliani convertiti ad Allah. La fame e la sete, le marce tra la boscaglia fangosa \r\nalla ricerca di salvezza, e alcuni incontri inquietanti nello spettrale scenario \r\ndell’isola esasperano gli animi, mentre enigmatici indizi del misterioso monaco \r\npaiono intrecciarsi col fantasma opprimente di un (vero) omicidio perpetrato cinque \r\nanni prima a Roma davanti a San Pietro. Una miccia che rinfocola vecchi rancori e \r\naccende intrighi e violenze. Cosa c’è dietro al miraggio del tesoro letterario? \r\nE quale messaggio formano i fogli con lettere dell’alfabeto che qualcuno ha disseminato \r\nad ogni angolo? Osservatore d’eccezione, il giovanissimo Atto affilerà tra i misteri \r\ndell’isola l’arma sottile della dissimulazione.\r\nMonaldi & Sorti ancora una volta rapiscono il lettore in un’avventura dei sensi e della mente. \r\nCon un’indagine minuziosa nei misteri della Storia e delle sue verità negate, i due autori \r\nstrappano la maschera a idoli inviolabili (dall’antica Roma a Galileo, da Aristotele a Platone \r\nfino ai rapporti inconfessabili tra Occidente e Islam) sgretolando spietatamente, \r\nuna dopo l’altra, le nostre certezze.', 18.9, 20, 7.8, 'EX907751', 9, '8868529703', 'Monaldi & Sorti ancora una volta rapiscono il lettore in ', 2),
	(51, 'Secretum', 'Monaldi & Sorti', 2015, 'Roma, luglio 1700. È anno di Giubileo: strade e piazze sono invase da torme di pellegrini accaldati. Anche il colle più panoramico dell\'Urbe è preso d\'assalto: \r\nnella sua sontuosa villa il cardinal Spada, segretario di Stato pontificio, \r\nfesteggia le nozze del nipote con il fior fiore di curia, nobiltà e diplomazia. \r\nPer giorni si alternano merende sull\'erba e battute di caccia, commedie all\'aperto e cene luculliane. \r\nTra gli invitati Atto Melani, ex cantante castrato e agente del Re Sole, tesse la sua tela. \r\nDietro le quinte della festa si agita infatti ben altro. L\'Europa è a un tragico crocevia: \r\nil Pontefice è in fin di vita e il giovane Re di Spagna, che regna sull\'Impero più grande del mondo, \r\nsta morendo senza eredi. Le potenze europee già si contendono la preda, una guerra \r\nmondiale sta per scatenarsi e solo il Papa potrebbe scongiurarla. \r\nIl conclave alle porte è dunque il più importante degli ultimi secoli. \r\nE la partita si gioca a villa Spada. In una gara di astuzie incrociate, l\'arma \r\nvincente alla fine sarà l\'inganno. Gli autori infatti, con l\'aiuto di periti grafologi, \r\nhanno smascherato la frode che ha disegnato il volto del mondo moderno: \r\nla falsificazione di un celeberrimo documento storico, fino a oggi creduto autentico. \r\nLa meticolosa ricostruzione storica si sposa a una profonda meditazione sulla condizione umana: \r\npagina dopo pagina si penetrano i recessi delle congiure di Stato, scoprendo anche un \r\ncriptico epistolario (vero) tra due personaggi che hanno fatto la Storia, abilmente \r\ngiocato su allusioni letterarie e rimasto finora ignoto agli studiosi. \r\nSu tutto domina l\'arte barocca dell\'illusione: dagli inganni dei sensi a quelli della mente, \r\nsi dipana il fil rouge della follia del mondo, e della vera saggezza scambiata per follia. \r\nNulla, in "Secretum", è ciò che sembra.', 9.4, 19.9, 6.4, 'EX887162', 9, '8893880220', 'Monaldi & Sorti ancora una volta rapiscono il lettore in ', 2),
	(52, 'Viaggio al centro della terra', 'Jules Verne', 1864, 'Il professore Otto Lidenbrock trova in un vecchio libro una pergamena che contiene un messaggio cifrato scritto in caratteri runici. Il messaggio viene decifrato da Axel, nipote del rinomato professore di mineralogia che insegna in un prestigioso ginnasio di Amburgo dove vive. Il testo in latino contiene le indicazioni per raggiungere il centro della Terra attraverso un vulcano, lo Snaeffels in Islanda.', 7.42, 9.75, 1.99, 'S00SHEE3', 25, '8809766016', 'Il professore Otto Lidenbrock trova in un vecchio libro una pergamena che contiene un messaggio cifr', 1),
	(53, 'Il giro del mondo in 80 giorni', 'Jules Verne', 1872, 'Phileas Fogg, distinto gentiluomo e membro onorato del prestigioso Reform Club, da perfetto inglese si ritrova a scommettere che riuscirà a fare il giro del mondo in 80 giorni. Parte, quindi, la sera stessa da Londra in compagnia del servo Passepartout in un itinerario che lo porterà dall\'Italia all\'Egitto, in India, Hong Kong, Giappone, Stati Uniti. I due viaggiatori vivranno rocambolesche avventure, inseguiti dal detective Fix che ha scambiato Fogg per un rapinatore. In India incontrano una donna, Auda, in procinto di essere arsa su una pira per un rito sacrificale e la salvano portandola con loro. Riusciranno a tornare a Londra in tempo?', 5.5, 8.45, 1.99, 'S00SHEE4', 11, '885801796X', 'Phileas Fogg, distinto gentiluomo e membro onorato del prestigioso Reform Club, da perfetto inglese ', 1),
	(54, 'I misteri della jungla nera', 'Emilio Salgari', 1895, 'Nel 1895 esce "I misteri della giungla nera" (la cui prima redazione del 1887 portava invece il titolo: Gli strangolatori del Gange), che racconta le avventure dell\'indiano Tremal-Naik, il coraggioo cacciatore di serpenti, per liberare la sua amata Ada dalle grinfie della setta dei Thug', 4.66, 6.7, 1.49, 'S00SHEE5', 31, '8883376684', 'Le avventure dell\'indiano Tremal-Naik, il coraggioo cacciatore di serpenti, per liberare la sua amat', 1),
	(55, 'L\'ultima avventura del pirata Long John Silver ', 'Björn Larsson', 2013, 'Dal suo nascondiglio sulle coste del Madagascar, lontano da un\'umanità che francamente non lo interessa, il vecchio Long John Silver scrive le memorie di una vita vissuta all\'insegna della libertà assoluta, alla quale ha sacrificato senza alcun rimpianto ogni altra cosa. Sa che la fine è vicina, ma l\'inscalfibile pirata con una gamba sola, che nell\'Isola del tesoro era riuscito a fuggire con parte del ricco bottino, la morte l\'ha guardata più volte negli occhi e non ne ha paura. Quello che non si aspetta è che il destino abbia in serbo per lui un\'ennesima avventura, quando sulla sua sperduta spiaggia africana compaiono due uomini bianchi in fin di vita, un avido lord inglese e un cencioso marinaio, unici sopravvissuti a un ammutinamento e a un naufragio dopo una rocambolesca spedizione negriera. È ancora una volta Jim Hawkins a ritrovarsi depositario delle leggendarie peripezie di Silver, ricevendo in Inghilterra da mani sconosciute questo racconto che il corsaro, ormai creduto morto, ha scritto di suo pugno.', 7.12, 8.8, 4.45, 'S00SHEE6', 8, '8870915212', 'Dal suo nascondiglio sulle coste del Madagascar, lontano da un\'umanità che francamente non lo intere', 1),
	(70, 'La Russia di Putin', 'Anna Politkovskaja', 2022, '«Siamo solo un mezzo, per lui. Un mezzo per raggiungere il potere personale. Per questo dispone di noi come vuole. Può giocare con noi, se ne ha voglia. Può distruggerci, se lo desidera. Noi non siamo niente. Lui, finito dov’è per puro caso, è il dio e il re che dobbiamo temere e venerare. La Russia ha già avuto governanti di questa risma. Ed è finita in tragedia. In un bagno di sangue. In guerre civili. Io non voglio che accada di nuovo. Per questo ce l’ho con un tipico ?ekista sovietico che ascende al trono di Russia incedendo tronfio sul tappeto rosso del Cremlino». Anna Politkovskaja', 13.3, 16.5, 9.99, 'EX778961', 9, '8845936920', 'Siamo solo un mezzo, per lui.', 5),
	(71, 'L\'arte della guerra', 'Sun Tzu', 2013, 'Il modo migliore per essere certi di vincere una guerra è assicurarsi la vittoria ancora prima di iniziare a combattere: questo è il principio fondante dell\'Arte della guerra, con ogni probabilità il più antico manuale strategico della storia (VI secolo a.C.). Un obiettivo raggiungibile studiando i punti di forza e di debolezza dell\'avversario, mantenendo la consapevolezza dei propri limiti ma anche la fiducia nella propria forza, sorprendendo continuamente il nemico. E, prima di ogni altra cosa, controllando le informazioni, perché grazie alla conoscenza il destino della battaglia può davvero essere scritto prima che lo scontro cominci. L\'essenzialità del messaggio e l\'efficacia del magistero di Sun Tzu hanno fatto dell\'Arte della guerra un testo di culto per chiunque voglia raggiungere un obiettivo nella vita o nel lavoro, dal manager al generale, dallo sportivo all\'artista.', 7.6, 15.9, 4.2, 'EK768593', 20, '8807900525', 'Il modo migliore per essere certi di vincere una guerra è ', 5),
	(72, 'Una terra promessa', 'Barack Obama', 2020, 'I lettori scopriranno ciò che Obama pensava mentre nominava  i suoi ministri, fronteggiava la crisi finanziaria globale, si confrontava con Vladimir Putin, superava difficoltà all’apparenza insormontabili per ottenere l’approvazione della riforma sanitaria, si scontrava con i generali sulla strategia militare in Afghanistan, intraprendeva la riforma di Wall Street, rispondeva al disastro ambientale della piattaforma petrolifera Deepwater Horizon, e autorizzava l’operazione Neptune’s Spear, che ha portato alla morte di Osama bin Laden. Una terra promessa è un libro straordinariamente intimo e introspettivo. È il racconto della scommessa di un uomo con la Storia, della fede di un coordinatore di comunità messa alla prova della ribalta mondiale. L’autore si esprime con franchezza sulla difficoltà di far convivere il ruolo di candidato nero alla presidenza, il peso delle aspettative di un’intera generazione mobilitata da messaggi di «speranza e cambiamento», e la necessità di essere moralmente all’altezza delle decisioni cruciali da prendere. Descrive apertamente le forze che si sono opposte a lui negli Stati Uniti e nel mondo; spiega come la vita alla Casa Bianca abbia condizionato la moglie e le figlie; non esita a rivelare dubbi e delusioni. Eppure non smette mai di credere che, all’interno del grande e ininterrotto esperimento americano, il progresso è sempre possibile. Con grande efficacia ed eleganza di stile, questo libro sottolinea la strenua convinzione di Barack Obama che la democrazia non è un dono ricevuto dall’alto, ma si fonda sull’empatia e sulla comprensione reciproca, ed è un bene da costruire insieme, giorno dopo giorno.', 24.9, 26.6, 10.9, 'EK902166', 4, '8811149873', 'Un appassionante e personalissimo racconto ', 5),
	(73, 'Stai zitta', 'Michela Murgia', 2021, 'Di tutte le cose che le donne possono fare nel mondo, , parlare è ancora considerata la più sovversiva.\r\nSe si è donna, in Italia si muore anche di linguaggio. È una morte civile, ma non per questo fa meno male. È con le parole che ci fanno sparire dai luoghi pubblici, dalle professioni, dai dibattiti e dalle notizie, ma di parole ingiuste si muore anche nella vita quotidiana, dove il pregiudizio che passa per il linguaggio uccide la nostra possibilità di essere pienamente noi stesse. Per ogni dislivello di diritti che le donne subiscono a causa del maschilismo esiste un impianto verbale che lo sostiene e lo giustifica. Accade ogni volta che rifiutano di chiamarvi avvocata, sindaca o architetta perché altrimenti «dovremmo dire anche farmacisto». Succede quando fate un bel lavoro, ma vi chiedono prima se siete mamma. Quando siete le uniche di cui non si pronuncia mai il cognome, se non con un articolo determinativo davanti. Quando si mettono a spiegarvi qualcosa che sapete già perfettamente, quando vi dicono di calmarvi, di farvi una risata, di scopare di più, di smetterla di spaventare gli uomini con le vostre opinioni, di sorridere piuttosto, e soprattutto di star zitta.', 10, 13, 9, 'EK229944', 3, '8806249182', 'Se si è donna, in Italia si muore anche di linguaggio.', 5),
	(74, 'Pappagalli verdi', 'Gino Strada', 2022, 'Gino Strada arriva quando tutti scappano,  e mette in piedi ospedali di fortuna, spesso senza l\'attrezzatura e le medicine necessarie, quando la guerra esplode nella sua lucida follia. Guerre che per lo più hanno un lungo strascico di sangue dopo la fine ufficiale dei conflitti: quando pastori, bambini e donne vengono dilaniati dalle tante mine antiuomo disseminate per le rotte della transumanza, o quando raccolgono strani oggetti lanciati dagli elicotteri sui loro villaggi. I vecchi afgani li chiamano pappagalli verdi. Questo libro ci consegna le immagini più vivide, i ricordi più strazianti, le amarezze continue dell\'esperienza di medico sugli scenari di guerra del nostro tempo.', 4.8, 4.95, 3.6, 'EK778922', 9, '8880095301', 'Questo libro ci consegna le immagini più vivide dell\'esperienza di medico ', 5),
	(75, 'I più celebri discorsi della storia', 'Roberta Mazzini', 2014, 'Un volume che raccoglie i più significativi discorsi di uomini di stato, politici, scrittori e intellettuali. Un itinerario alla scoperta dei più grandi oratori e persuasori di tutti i tempi e di come le loro parole abbiano influito sul corso della storia. Accanto ad autori classici come Pericle, Demostene e Cicerone, dei quali è sempre piacevole leggere le pagine migliori, le parole più ispirate, troviamo personaggi come Urbano II, Elisabetta I, Carlo I, Oliver Cromwell, Thomas Jefferson, Maximilien Robespierre, George Washington, Napoleone Bonaparte, Vittorio Emanuele II, Giuseppe Garibaldi, Camillo Benso di Cavour, Abrham Lincoln, Susan B. Anthony, Emmeline Goulden Pankhurst, Patrick Pearse, Woodrow Wilson, Vladimir Ilich Lenin. Un libro per conoscere e studiare i passaggi cruciali della storia attraverso le idee dei più grandi oratori e per comprendere la forza ineguagliabile delle parole. ', 4.5, 9.99, 4.8, 'EK113389', 11, '8878996403', 'Vol. 1. Dallantichità alle soglie della seconda guerra mondiale', 5),
	(76, 'Specchio delle mie brame. La prigione della bellez', 'Maura Gancitano ', 2022, 'L\'idea che la bellezza sia qualcosa di oggettivo e naturale è una superstizione moderna. Infatti non è mai esistita un\'epoca in cui non convivessero estetiche e sensibilità diverse. Il culto della bellezza è diventato una prigione solo di recente: quando le coercizioni materiali verso le donne hanno iniziato ad allentarsi, il canone estetico nei confronti del loro aspetto è diventato rigido e asfissiante, spingendole alla ricerca di una perfezione irraggiungibile. Qui sta il punto: l\'idea di bellezza ha subito con la società borghese uno spostamento di significato, da enigma a modello standardizzato che colonizza il tempo e i pensieri delle donne, facendole spesso sentire inadeguate. Il risultato è che viviamo in un tempo in cui le persone potrebbero essere finalmente libere, ma in cui, al contrario, ha valore e dignità solo ciò che risponde a determinati parametri. Ripensare la bellezza al di là  ', 13.3, 18.9, 5.8, 'EH124365', 2, '8806251147', 'La bellezza è una gabbia dorata in cui non ', 5),
	(77, 'Eresia', 'Citro Della Riva Massimo', 2021, 'Tragedia per alcuni, commedia per altri, farsa per altri ancora  la pandemia 2020 è stata una rappresentazione. Un virus che non vuole saperne di abbandonare le scene, dalla sua prima comparsa sul palcoscenico, il laboratorio di Wuhan, l\'OMS e il ritardo nell\'annunciare l\'emergenza e prendere provvedimenti, e infine la Paura, leva di un apparato messo in atto dai media per mantenere alta la tensione e perpetrare una coreografia del terrore. In questa scenografia sono tanti gli interrogativi che si pone il dottor Massimo Citro, dai quali si originano le riflessioni politicamente scorrette di "Eresia", che intendono esortare il lettore a ritornare a considerare i fatti in modo obiettivo, non attraverso il clamore mediatico, e a esaminare le innumerevoli coincidenze. Perché quando le coincidenze sono tante è sempre arduo pensare alla fatalità.', 16.9, 19, 3.8, 'EH763214', 5, '8894548259', 'Perché quando le coincidenze sono tante è sempre ', 5),
	(78, 'Homo Deus. Breve storia del futuro', 'Yuval Noah Harari', 2018, 'Nella seconda metà del XX secolo l\'umanità è riuscita in un\'impresa che per migliaia di anni è parsa impossibile: tenere sotto controllo carestie, pestilenze e guerre. Oggi è più probabile che l\'uomo medio muoia per un\'abbuffata da McDonald\'s piuttosto che per la siccità, il virus Ebola o un attacco di al-Qaida. Nel XXI secolo, in un mondo ormai libero dalle epidemie, economicamente prospero e in pace, coltiviamo con strumenti sempre più potenti l\'ambizione antica di elevarci al rango di divinità, di trasformare «Homo sapiens» in «Homo Deus». E allora cosa accadrà quando robotica, intelligenza artificiale e ingegneria genetica saranno messe al servizio della ricerca dell\'immortalità e della felicità eterna? Harari racconta sogni e incubi che daranno forma al XXI secolo in una sintesi audace e lucidissima di storia, filosofia, scienza e tecnologia, e ci mette in guardia.', 12.9, 12.9, 9.99, 'EK556623', 4, '8845298752', 'Il genere umano rischia di rendere se stesso superfluo.', 5),
	(79, 'Questa è l\'America. Storie per capire il presente ', 'Francesco Costa', 2020, 'Ci sono pochi posti nel mondo dove il divario tra quello che crediamo di sapere e quello che sappiamo è tanto ampio quanto nel caso degli Stati Uniti. L\'influenza statunitense nei nostri consumi è così longeva che pensiamo di conoscere bene l\'America quando in realtà, nella gran parte dei casi, la nostra idea è un impasto di luoghi comuni e poche informazioni concrete. Convinti che gli statunitensi siano tutti armati fino ai denti, non sappiamo, per esempio, che la metà delle armi in circolazione in America è posseduta dal 3 per cento della popolazione. Coltiviamo il luogo comune per cui gli Stati Uniti usino la mano pesante contro l\'evasione fiscale e i reati dei cosiddetti colletti bianchi, ma in carcere ci vanno ancora soprattutto ragazzi neri. Ragioniamo e discettiamo sulla cultura americana e sulla sua idea di Stato e libertà, paragonando il tutto a quello che succede qui da noi, senza sapere o tener conto che gli Stati Uniti sono un Paese molto poco popolato: ci sono più persone nella sola New York di quante ce ne siano in 40 dei 50 Stati. Siamo abituati a leggere l\'intera politica estera statunitense innanzitutto sulla base del petrolio, e della necessità di trovarlo, ma oggi gli Stati Uniti sono pressoché indipendenti dal punto di vista energetico. L\'elenco potrebbe continuare. Allo stesso modo, abbiamo accolto il risultato elettorale più clamoroso in quasi tre secoli di storia statunitense, la vittoria del repubblicano Donald Trump alle presidenziali del 2016, a pochi anni di distanza dell\'elezione di Barack Obama, primo presidente nero, come la logica e prevedibile conseguenza dei nostri luoghi comuni. Eppure ci sono fatti e cambiamenti profondi e non sempre visibili che spiegano eventi così straordinari. In quest\'anno così cruciale per la politica statunitense, che porterà all\'elezione di un nuovo presidente o alla rielezione di Trump, Francesco Costa riflette sulle trasformazioni e i problemi dell\'America, quella vera, raccontandoci il doloroso ma inesorabile smarrimento di un Paese speciale che diventa ogni giorno più normale. ', 17.8, 19.9, 9.99, 'EX872331', 8, '8804722465', 'Francesco Costa riflette sulle trasformazioni e i problemi dell\'America, ', 5),
	(80, 'Mysterium', 'Monaldi & Sorti', 2016, 'Mar di Toscana, dicembre 1646.', 18.9, 20, 7.8, 'EX907751', 9, '8868529703', 'Monaldi & Sorti ancora una volta rapiscono il lettore in ', 2),
	(81, 'Secretum', 'Monaldi & Sorti', 2015, 'Roma, luglio 1700. È anno di Giubileo: strade e piazze sono invase da torme ', 9.4, 19.9, 6.4, 'EX887162', 9, '8893880220', 'Monaldi & Sorti ancora una volta rapiscono il lettore in ', 2),
	(90, 'La donna dal kimono bianco', 'Ana Johns ', 2020, 'Davanti a me c\'era l\'uomo che sarebbe diventato mio marito. entre mi avvicinavo al mio futuro, mi allontanavo dalla mia famiglia. \r\nTra quei due estremi, però, avevo trovato il mio posto: ciò che Buddha \r\ndefiniva la via di mezzo, il giusto equilibrio. E che io definivo la felicità".\r\nGiappone, 1957. Il matrimonio combinato della diciassettenne Naoko Nakamura \r\ncon il fglio del socio di suo padre garantirebbe alla ragazza una \r\nposizione di prestigio all\'interno della loro comunità tradizionale. \r\nMa Naoko si è innamorata dell\'uomo sbagliato: è un marinaio americano, \r\nquello che in Giappone viene defnito "un gaijin", uno straniero. \r\nQuando la ragazza scopre di essere incinta, la comprensione e l\'affetto \r\nche spera di trovare nei suoi genitori si rivelano presto un\'illusione. \r\nRipudiata dalla sua famiglia, Naoko sarà costretta a compiere scelte \r\ninimmaginabili, per qualunque donna ma soprattutto per una madre.', 10.9, 15.2, 9.99, 'EX119922', 4, '8867025589', '"Un romanzo così bello, intenso e vivo sul ', 6),
	(91, 'Il tempo delle ciliegie', 'Nicolas Barreau', 2021, 'Nessuna città è come Parigi. Soprattutto in primavera, quando i ciliegi sono in fiore. Di notte, a Saint-Germain, si può far \r\ntardi a un tavolino all\'aperto di uno dei celebri café o passeggiare \r\ndavanti alle vetrine illuminate fin lungo la Senna, la Tour Eiffel \r\nche scintilla in lontananza. Parigi sembra fatta apposta per gli innamorati, \r\nma Cupido volta le spalle ad André Chabanais, editor delle Éditions Opale e \r\nautore sotto pseudonimo di un romanzo che deve il successo proprio all\'amore. \r\nAurélie, l\'impulsiva fidanzata di André, è assente e distratta. \r\nTutto ha avuto inizio la sera di san Valentino: doveva essere la loro grande \r\nserata, ma succede qualcosa di inaspettato.', 14.9, 16.15, 7.9, 'EK650998', 1, '8807034558?', 'Nicolas Barreau, grande maestro della commedia sentimentale, ', 6),
	(92, 'Il problema è che ti amo', 'Jennifer L. Armentrout', 2020, 'Da quattro anni, il silenzio è lo scudo che la protegge dal resto del mondo. Circondata dall\'affetto dei nuovi genitori adottivi, \r\nMallory Dodge ha cercato di superare i traumi del passato, di convincersi \r\ndi non avere più bisogno di essere invisibile, ma le cicatrici dell\'anima \r\nbruciano ancora e non le permettono di dimenticare. Ecco perché dover \r\nfrequentare l\'ultimo anno di liceo in una scuola pubblica, dove sarà \r\ncostretta a uscire dal guscio, la terrorizza. Tuttavia è proprio a scuola \r\nche accade l\'inaspettato: tra i suoi nuovi compagni c\'è Rider Stark, l\'unico \r\nraggio di sole nella sua infanzia da incubo, il ragazzo che in più di \r\nun\'occasione l\'ha protetta dalla violenza del padre affidatario. \r\nRider però è cambiato: ha un atteggiamento arrogante, una pessima \r\nreputazione e pare che sia invischiato in una rete di cattive compagnie. \r\nAnche se, dietro quella maschera da sbruffone, Mallory riconosce ancora il \r\nsuo eroe d\'un tempo... un eroe per di più molto affascinante. \r\nEppure gli anni trascorsi lontano da Mallory hanno segnato profondamente \r\nRider, che ben presto si troverà davvero nei guai. \r\nE Mallory sarà la sola a poter fare la differenza. \r\nMa riuscirà a far sentire la propria voce e a battersi per il ragazzo \r\nche ama, o la paura la farà tacere per sempre?', 4, 10, 2.9, 'EY123456', 4, '8850252909', 'Ma riuscirà a far sentire la propria voce e a battersi per il ragazzo ', 6),
	(93, 'Tropico del cancro', 'Henry Miller', 2013, 'Nell\'incantata, effervescente Parigi degli anni trenta, precisamente nel 1934, viene pubblicato da un piccolo editore un \r\nlibro intitolato "Tropico del Cancro": sarà la miccia di uno \r\nscandalo morale e di un\'insurrezione letteraria che attraverserà \r\ntutto il secolo. Negli ambienti più conservatori si parla di pornografia, \r\nnei caffè avanguardisti si inneggia alla rivoluzione: la verità è \r\nche "Tropico del Cancro" è uno dei grandi capolavori della letteratura \r\nnovecentesca, un romanzo autobiografico insostituibile per la forza e la \r\nfluidità del suo linguaggio, la potenza del suo immaginario, la vivida resa \r\ndegli ambienti e dei caratteri. È lo stesso Miller a parlarci di sé in \r\nprima persona, a raccontarci dei suoi amici, dei miseri eppure vibranti \r\nquartieri che attraversano e vivono. Di ubriachezza in ubriachezza, \r\ndi donna in donna, di rissa in rissa, di illuminazione in illuminazione. \r\nCon una scrittura travolgente e fluviale, che trasfigura ogni evento delle \r\npiccole, eccezionali vite che sono le vite di tutti noi, facendole diventare \r\nun\'epica nuova, l\'epica dell\'essere umani, un\'epica che cantiamo tutti \r\nritrovando in noi la sete di libertà di questo scrittore.', 8.7, 10, 2.5, 'EY983625', 3, '8807881374?', '"Tropico del Cancro" è uno dei grandi capolavori della letteratura ', 6);

-- Dump della struttura di tabella libreria.book_in_order
CREATE TABLE IF NOT EXISTS `book_in_order` (
  `id` int(11) NOT NULL AUTO_INCREMENT,
  `order_id` int(11) DEFAULT NULL,
  `book_id` int(11) DEFAULT NULL,
  `quantity` int(11) DEFAULT NULL,
  `price` double DEFAULT NULL,
  `cover` varchar(50) DEFAULT NULL,
  PRIMARY KEY (`id`),
  KEY `FK_book_in_order_order_list` (`order_id`),
  KEY `FK_book_in_order_books` (`book_id`),
  CONSTRAINT `FK_book_in_order_books` FOREIGN KEY (`book_id`) REFERENCES `books` (`id`) ON DELETE CASCADE ON UPDATE CASCADE,
  CONSTRAINT `FK_book_in_order_order_list` FOREIGN KEY (`order_id`) REFERENCES `order_list` (`id`) ON DELETE CASCADE ON UPDATE CASCADE
) ENGINE=InnoDB AUTO_INCREMENT=25 DEFAULT CHARSET=utf8mb4;

-- Dump dei dati della tabella libreria.book_in_order: ~1 rows (circa)
INSERT INTO `book_in_order` (`id`, `order_id`, `book_id`, `quantity`, `price`, `cover`) VALUES
	(4, 7, 1, 1, 15, 'flex'),
	(25, 20, 1, 1, 10.25, 'ebook'),
	(26, 20, 1, 1, 30.5, 'hard'),
	(27, 20, 1, 1, 15, 'flex');

-- Dump della struttura di tabella libreria.cart_list
CREATE TABLE IF NOT EXISTS `cart_list` (
  `id` int(11) NOT NULL AUTO_INCREMENT,
  `user_id` int(11) DEFAULT NULL,
  `book_id` int(11) DEFAULT NULL,
  `quantity` int(11) DEFAULT NULL,
  `price` double DEFAULT NULL,
  `cover` varchar(50) DEFAULT NULL,
  PRIMARY KEY (`id`),
  KEY `FK_cart_list_books` (`book_id`),
  KEY `FK_cart_list_users` (`user_id`),
  CONSTRAINT `FK_cart_list_books` FOREIGN KEY (`book_id`) REFERENCES `books` (`id`) ON DELETE CASCADE ON UPDATE CASCADE,
  CONSTRAINT `FK_cart_list_users` FOREIGN KEY (`user_id`) REFERENCES `users` (`id`) ON DELETE CASCADE ON UPDATE CASCADE
) ENGINE=InnoDB AUTO_INCREMENT=31 DEFAULT CHARSET=utf8mb4;

-- Dump dei dati della tabella libreria.cart_list: ~0 rows (circa)

-- Dump della struttura di tabella libreria.categories
CREATE TABLE IF NOT EXISTS `categories` (
  `id` int(11) NOT NULL AUTO_INCREMENT,
  `name` varchar(255) CHARACTER SET utf8 NOT NULL,
  `description` text CHARACTER SET utf8 NOT NULL,
  PRIMARY KEY (`id`) USING BTREE
) ENGINE=InnoDB AUTO_INCREMENT=7 DEFAULT CHARSET=latin1;

-- Dump dei dati della tabella libreria.categories: ~6 rows (circa)
INSERT INTO `categories` (`id`, `name`, `description`) VALUES
	(1, 'Avventura', 'Il romanzo di avventura è un genere letterario che nasce nel XVIII secolo e narra di viaggi in terre lontane e quindi celebra il coraggio e l\'ingegno umano.'),
	(2, 'Storico', 'Un romanzo storico è un\'opera narrativa ambientata nel passato, con un\'accurata ricostruzione dell\'epoca attraverso atmosfere, costumi, usanze, condizioni sociali e mentalità dei personaggi principali.'),
	(3, 'Fantasy', 'Il termine fantasy racchiude un insieme di elementi imprescindibili: soprannaturale: in questi romanzi è preponderante la tematica sovrannaturale, che consta di ambientazioni, fenomeni e creature che non appartengono alla nostra dimensione o comunque la d'),
	(4, 'Horror', 'Oggi esiste un preciso genere narrativo, il genere horror, basato proprio su storie che riescono a provocare nel lettore orrore e paura. Il racconto o il romanzo horror si chiama anche gotico, di fantasmi (o ghost story, all\'inglese), del terrore e così v'),
	(5, 'Saggistica', 'Per saggistica si intende l\'insieme dei testi che rientrano nel genere del saggio, esattamente come per narrativa intendiamo l\'insieme dei testi che rientrano nel genere del romanzo.'),
	(6, 'Romantico', 'Il romanzo rosa (detto anche romance) è un genere letterario che narra di storie d\'amore e del loro intreccio che si dipanano in genere in avventure e intrighi e terminano sempre con un lieto fine.');

-- Dump della struttura di tabella libreria.order_list
CREATE TABLE IF NOT EXISTS `order_list` (
  `id` int(11) NOT NULL AUTO_INCREMENT,
  `id_user` int(11) DEFAULT NULL,
  `price` double DEFAULT NULL,
  `orderStatus` varchar(50) DEFAULT NULL,
  `start` date DEFAULT current_timestamp(),
  `end` date DEFAULT NULL,
  PRIMARY KEY (`id`),
  KEY `FK_order_list_users` (`id_user`),
  CONSTRAINT `FK_order_list_users` FOREIGN KEY (`id_user`) REFERENCES `users` (`id`) ON DELETE NO ACTION ON UPDATE NO ACTION
) ENGINE=InnoDB AUTO_INCREMENT=20 DEFAULT CHARSET=utf8mb4;

-- Dump dei dati della tabella libreria.order_list: ~4 rows (circa)
INSERT INTO `order_list` (`id`, `id_user`, `price`, `orderStatus`, `start`, `end`) VALUES
	(2, 7, 22, 'Da spedire', '2022-05-30', '2022-05-30'),
	(3, 7, 22, 'Da spedire', '2022-05-30', '2022-05-30'),
	(7, 19, 0, 'Da spedire', '2022-05-30', '2022-06-02'),
	(14, 7, 4, 'Da spedire', '2022-05-31', '2022-06-07'),
	(20, 7, 55.75, 'Da spedire', '2022-06-01', '2022-06-08');

-- Dump della struttura di tabella libreria.privileges
CREATE TABLE IF NOT EXISTS `privileges` (
  `id_privileges` int(11) NOT NULL AUTO_INCREMENT,
  `name` varchar(50) DEFAULT NULL,
  `edit_book` enum('Y','N') DEFAULT NULL,
  `edit_user` enum('Y','N') DEFAULT NULL,
  `edit_admin` enum('Y','N') DEFAULT NULL,
  PRIMARY KEY (`id_privileges`)
) ENGINE=InnoDB AUTO_INCREMENT=5 DEFAULT CHARSET=latin1;

-- Dump dei dati della tabella libreria.privileges: ~4 rows (circa)
INSERT INTO `privileges` (`id_privileges`, `name`, `edit_book`, `edit_user`, `edit_admin`) VALUES
	(1, 'Amministratore', 'Y', 'Y', 'Y'),
	(2, 'Super Moderatore', 'Y', 'Y', 'N'),
	(3, 'Moderatore', 'Y', 'N', 'N'),
	(4, 'Utente', 'N', 'N', 'N');

-- Dump della struttura di tabella libreria.reviews
CREATE TABLE IF NOT EXISTS `reviews` (
  `id_reviews` int(11) NOT NULL AUTO_INCREMENT,
  `user_id` int(11) DEFAULT NULL,
  `description` text DEFAULT NULL,
  `star` int(11) DEFAULT NULL,
  PRIMARY KEY (`id_reviews`),
  KEY `user_id` (`user_id`),
  CONSTRAINT `FK_reviews_users` FOREIGN KEY (`user_id`) REFERENCES `users` (`id`) ON DELETE CASCADE ON UPDATE CASCADE
) ENGINE=InnoDB AUTO_INCREMENT=3 DEFAULT CHARSET=utf8mb4;

-- Dump dei dati della tabella libreria.reviews: ~2 rows (circa)
INSERT INTO `reviews` (`id_reviews`, `user_id`, `description`, `star`) VALUES
	(1, 6, 'fadsaf', 1),
	(2, 7, 'sdfdsfds', 3);

-- Dump della struttura di tabella libreria.users
CREATE TABLE IF NOT EXISTS `users` (
  `id` int(11) NOT NULL AUTO_INCREMENT,
  `username` varchar(255) NOT NULL,
  `password` varchar(255) NOT NULL,
  `privileges` int(11) NOT NULL DEFAULT 4,
  `anagraphic_id` int(11) NOT NULL DEFAULT 1,
  PRIMARY KEY (`id`) USING BTREE,
  KEY `FK_users_anagraphic` (`anagraphic_id`) USING BTREE,
  KEY `FK_users_privileges` (`privileges`) USING BTREE,
  CONSTRAINT `FK_users_anagraphic` FOREIGN KEY (`anagraphic_id`) REFERENCES `anagraphic` (`id`) ON DELETE CASCADE ON UPDATE CASCADE,
  CONSTRAINT `FK_users_privileges` FOREIGN KEY (`privileges`) REFERENCES `privileges` (`id_privileges`) ON DELETE NO ACTION ON UPDATE NO ACTION
) ENGINE=InnoDB AUTO_INCREMENT=27 DEFAULT CHARSET=latin1;

-- Dump dei dati della tabella libreria.users: ~3 rows (circa)
INSERT INTO `users` (`id`, `username`, `password`, `privileges`, `anagraphic_id`) VALUES
	(6, 'utente', 'utente', 4, 5),
	(7, 'admin', 'admin', 1, 5),
	(19, 'marcolino', 'pane', 4, 30);

/*!40103 SET TIME_ZONE=IFNULL(@OLD_TIME_ZONE, 'system') */;
/*!40101 SET SQL_MODE=IFNULL(@OLD_SQL_MODE, '') */;
/*!40014 SET FOREIGN_KEY_CHECKS=IFNULL(@OLD_FOREIGN_KEY_CHECKS, 1) */;
/*!40101 SET CHARACTER_SET_CLIENT=@OLD_CHARACTER_SET_CLIENT */;
/*!40111 SET SQL_NOTES=IFNULL(@OLD_SQL_NOTES, 1) */;
